1620399411921,0,submitted
1620399414186,0,confirmed
1620399414186,1,submitted
1620399414202,0,EventReceived
1620399416315,1,confirmed
1620399416315,2,submitted
1620399416335,1,EventReceived
1620399418444,2,confirmed
1620399418445,3,submitted
1620399418458,2,EventReceived
1620399420571,3,confirmed
1620399420571,4,submitted
1620399420586,3,EventReceived
1620399422692,4,confirmed
1620399422692,5,submitted
1620399422709,4,EventReceived
1620399424825,5,confirmed
1620399424825,6,submitted
1620399424841,5,EventReceived
1620399426974,6,confirmed
1620399426974,7,submitted
1620399426993,6,EventReceived
1620399429120,7,confirmed
1620399429120,8,submitted
1620399429138,7,EventReceived
1620399431286,8,confirmed
1620399431286,9,submitted
1620399431306,8,EventReceived
1620399433422,9,confirmed
1620399433422,10,submitted
1620399433445,9,EventReceived
1620399435569,10,confirmed
1620399435569,11,submitted
1620399435588,10,EventReceived
1620399437701,11,confirmed
1620399437701,12,submitted
1620399437717,11,EventReceived
1620399439859,12,confirmed
1620399439860,13,submitted
1620399439877,12,EventReceived
1620399441996,13,confirmed
1620399441996,14,submitted
1620399442012,13,EventReceived
1620399444134,14,confirmed
1620399444134,15,submitted
1620399444149,14,EventReceived
1620399446266,15,confirmed
1620399446267,16,submitted
1620399446282,15,EventReceived
1620399448391,16,confirmed
1620399448391,17,submitted
1620399448405,16,EventReceived
1620399450511,17,confirmed
1620399450511,18,submitted
1620399450524,17,EventReceived
1620399452645,18,confirmed
1620399452645,19,submitted
1620399452667,18,EventReceived
1620399454774,19,confirmed
1620399454774,20,submitted
1620399454787,19,EventReceived
1620399456900,20,confirmed
1620399456900,21,submitted
1620399456913,20,EventReceived
1620399459022,21,confirmed
1620399459022,22,submitted
1620399459035,21,EventReceived
1620399461149,22,confirmed
1620399461149,23,submitted
1620399461163,22,EventReceived
1620399463313,23,confirmed
1620399463313,24,submitted
1620399463330,23,EventReceived
1620399465441,24,confirmed
1620399465441,25,submitted
1620399465454,24,EventReceived
1620399467566,25,confirmed
1620399467566,26,submitted
1620399467578,25,EventReceived
1620399469688,26,confirmed
1620399469688,27,submitted
1620399469701,26,EventReceived
1620399471809,27,confirmed
1620399471809,28,submitted
1620399471822,27,EventReceived
1620399473929,28,confirmed
1620399473929,29,submitted
1620399473944,28,EventReceived
1620399476062,29,confirmed
1620399476062,30,submitted
1620399476075,29,EventReceived
1620399478181,30,confirmed
1620399478182,31,submitted
1620399478197,30,EventReceived
1620399480305,31,confirmed
1620399480305,32,submitted
1620399480318,31,EventReceived
1620399482429,32,confirmed
1620399482429,33,submitted
1620399482443,32,EventReceived
1620399484552,33,confirmed
1620399484552,34,submitted
1620399484564,33,EventReceived
1620399486683,34,confirmed
1620399486683,35,submitted
1620399486694,34,EventReceived
1620399488802,35,confirmed
1620399488802,36,submitted
1620399488815,35,EventReceived
1620399490929,36,confirmed
1620399490930,37,submitted
1620399490944,36,EventReceived
1620399493059,37,confirmed
1620399493059,38,submitted
1620399493077,37,EventReceived
1620399495195,38,confirmed
1620399495195,39,submitted
1620399495207,38,EventReceived
1620399497330,39,confirmed
1620399497330,40,submitted
1620399497341,39,EventReceived
1620399499449,40,confirmed
1620399499450,41,submitted
1620399499462,40,EventReceived
1620399501578,41,confirmed
1620399501578,42,submitted
1620399501591,41,EventReceived
1620399503703,42,confirmed
1620399503704,43,submitted
1620399503716,42,EventReceived
1620399505823,43,confirmed
1620399505823,44,submitted
1620399505834,43,EventReceived
1620399507939,44,confirmed
1620399507939,45,submitted
1620399507950,44,EventReceived
1620399510057,45,confirmed
1620399510057,46,submitted
1620399510072,45,EventReceived
1620399512188,46,confirmed
1620399512188,47,submitted
1620399512198,46,EventReceived
1620399514311,47,confirmed
1620399514311,48,submitted
1620399514324,47,EventReceived
1620399516429,48,confirmed
1620399516429,49,submitted
1620399516442,48,EventReceived
1620399518552,49,confirmed
1620399518552,50,submitted
1620399518571,49,EventReceived
1620399520679,50,confirmed
1620399520679,51,submitted
1620399520692,50,EventReceived
1620399522796,51,confirmed
1620399522797,52,submitted
1620399522808,51,EventReceived
1620399524942,52,EventReceived
1620399524948,52,confirmed
1620399524948,53,submitted
1620399527067,53,confirmed
1620399527068,54,submitted
1620399527080,53,EventReceived
1620399529211,54,confirmed
1620399529211,55,submitted
1620399529225,54,EventReceived
1620399531333,55,confirmed
1620399531333,56,submitted
1620399531346,55,EventReceived
1620399533482,56,EventReceived
1620399533485,56,confirmed
1620399533486,57,submitted
1620399535603,57,confirmed
1620399535603,58,submitted
1620399535616,57,EventReceived
1620399537721,58,confirmed
1620399537721,59,submitted
1620399537734,58,EventReceived
1620399539841,59,confirmed
1620399539841,60,submitted
1620399539852,59,EventReceived
1620399541957,60,confirmed
1620399541957,61,submitted
1620399541970,60,EventReceived
1620399544080,61,confirmed
1620399544080,62,submitted
1620399544091,61,EventReceived
1620399546193,62,confirmed
1620399546193,63,submitted
1620399546204,62,EventReceived
1620399548312,63,confirmed
1620399548312,64,submitted
1620399548323,63,EventReceived
1620399550431,64,confirmed
1620399550432,65,submitted
1620399550443,64,EventReceived
1620399552550,65,confirmed
1620399552550,66,submitted
1620399552562,65,EventReceived
1620399554668,66,confirmed
1620399554668,67,submitted
1620399554679,66,EventReceived
1620399556810,67,confirmed
1620399556810,68,submitted
1620399556828,67,EventReceived
1620399558931,68,confirmed
1620399558931,69,submitted
1620399558942,68,EventReceived
1620399561020,69,confirmed
1620399561021,70,submitted
1620399561034,69,EventReceived
1620399563175,70,confirmed
1620399563176,71,submitted
1620399563188,70,EventReceived
1620399565290,71,confirmed
1620399565290,72,submitted
1620399565302,71,EventReceived
1620399567417,72,confirmed
1620399567417,73,submitted
1620399567429,72,EventReceived
1620399569552,73,confirmed
1620399569552,74,submitted
1620399569564,73,EventReceived
1620399571671,74,confirmed
1620399571671,75,submitted
1620399571683,74,EventReceived
1620399573794,75,confirmed
1620399573794,76,submitted
1620399573806,75,EventReceived
1620399575918,76,confirmed
1620399575918,77,submitted
1620399575930,76,EventReceived
1620399578041,77,confirmed
1620399578041,78,submitted
1620399578051,77,EventReceived
1620399580170,78,confirmed
1620399580170,79,submitted
1620399580182,78,EventReceived
1620399582290,79,confirmed
1620399582290,80,submitted
1620399582302,79,EventReceived
1620399584413,80,confirmed
1620399584413,81,submitted
1620399584424,80,EventReceived
1620399586535,81,confirmed
1620399586535,82,submitted
1620399586546,81,EventReceived
1620399588656,82,confirmed
1620399588656,83,submitted
1620399588668,82,EventReceived
1620399590777,83,confirmed
1620399590778,84,submitted
1620399590788,83,EventReceived
1620399592901,84,confirmed
1620399592901,85,submitted
1620399592914,84,EventReceived
1620399595036,85,confirmed
1620399595036,86,submitted
1620399595049,85,EventReceived
1620399597165,86,confirmed
1620399597166,87,submitted
1620399597177,86,EventReceived
1620399599286,87,confirmed
1620399599286,88,submitted
1620399599298,87,EventReceived
1620399601432,88,confirmed
1620399601432,89,submitted
1620399601446,88,EventReceived
1620399603561,89,confirmed
1620399603562,90,submitted
1620399603574,89,EventReceived
1620399605684,90,confirmed
1620399605684,91,submitted
1620399605696,90,EventReceived
1620399607809,91,confirmed
1620399607809,92,submitted
1620399607822,91,EventReceived
1620399609932,92,confirmed
1620399609932,93,submitted
1620399609942,92,EventReceived
1620399612054,93,confirmed
1620399612054,94,submitted
1620399612065,93,EventReceived
1620399614176,94,confirmed
1620399614176,95,submitted
1620399614187,94,EventReceived
1620399616292,95,confirmed
1620399616292,96,submitted
1620399616302,95,EventReceived
1620399618411,96,confirmed
1620399618411,97,submitted
1620399618427,96,EventReceived
1620399620536,97,confirmed
1620399620536,98,submitted
1620399620548,97,EventReceived
1620399622662,98,confirmed
1620399622663,99,submitted
1620399622676,98,EventReceived
1620399624822,99,EventReceived
1620399624827,99,confirmed
