TransactionID,DATETIME,DateDiff
0,1619282823761,
1,1619282825932,2171
2,1619282828058,2126
3,1619282830191,2133
4,1619282832332,2141
5,1619282834453,2121
6,1619282836586,2133
7,1619282838715,2129
8,1619282840851,2136
9,1619282842978,2127
10,1619282845105,2127
11,1619282847225,2120
12,1619282849357,2132
13,1619282851481,2124
14,1619282853602,2121
15,1619282855724,2122
16,1619282857841,2117
17,1619282859964,2123
18,1619282862085,2121
19,1619282864211,2126
20,1619282866337,2126
21,1619282868468,2131
22,1619282870595,2127
23,1619282872714,2119
24,1619282874832,2118
25,1619282876957,2125
26,1619282879076,2119
27,1619282881197,2121
28,1619282883335,2138
29,1619282885461,2126
30,1619282887593,2132
31,1619282889711,2118
32,1619282891836,2125
33,1619282893958,2122
34,1619282896076,2118
35,1619282898197,2121
36,1619282900324,2127
37,1619282902442,2118
38,1619282904564,2122
39,1619282906684,2120
40,1619282908810,2126
41,1619282910926,2116
42,1619282913045,2119
43,1619282915167,2122
44,1619282917281,2114
45,1619282919403,2122
46,1619282921520,2117
47,1619282923636,2116
48,1619282925756,2120
49,1619282927884,2128
50,1619282930002,2118
51,1619282932120,2118
52,1619282934247,2127
53,1619282936362,2115
54,1619282938478,2116
55,1619282940605,2127
56,1619282942717,2112
57,1619282944834,2117
58,1619282946954,2120
59,1619282949067,2113
60,1619282951167,2100
61,1619282953252,2085
62,1619282955401,2149
63,1619282957516,2115
64,1619282959639,2123
65,1619282961762,2123
66,1619282963881,2119
67,1619282966001,2120
68,1619282968124,2123
69,1619282970246,2122
70,1619282972377,2131
71,1619282974499,2122
72,1619282976648,2149
73,1619282978767,2119
74,1619282980895,2128
75,1619282983021,2126
76,1619282985138,2117
77,1619282987267,2129
78,1619282989385,2118
79,1619282991503,2118
80,1619282993628,2125
81,1619282995750,2122
82,1619282997871,2121
83,1619282999988,2117
84,1619283002146,2158
85,1619283004266,2120
86,1619283006387,2121
87,1619283008507,2120
88,1619283010629,2122
89,1619283012747,2118
90,1619283014868,2121
91,1619283016984,2116
92,1619283019103,2119
93,1619283021222,2119
94,1619283023340,2118
95,1619283025460,2120
96,1619283027576,2116
97,1619283029724,2148
98,1619283031855,2131
99,1619283033971,2116
100,1619283036087,2116
101,1619283038216,2129
102,1619283040339,2123
103,1619283042464,2125
104,1619283044587,2123
105,1619283046702,2115
106,1619283048836,2134
107,1619283050971,2135
108,1619283053098,2127
109,1619283055214,2116
110,1619283057331,2117
111,1619283059446,2115
112,1619283061601,2155
113,1619283063714,2113
114,1619283065836,2122
115,1619283067949,2113
116,1619283070035,2086
117,1619283072145,2110
118,1619283074272,2127
119,1619283076399,2127
120,1619283078517,2118
121,1619283080674,2157
122,1619283082791,2117
123,1619283084948,2157
124,1619283087078,2130
125,1619283089230,2152
126,1619283091351,2121
127,1619283093471,2120
128,1619283095593,2122
129,1619283097722,2129
130,1619283099843,2121
131,1619283101964,2121
132,1619283104086,2122
133,1619283106219,2133
134,1619283108368,2149
135,1619283110501,2133
136,1619283112659,2158
137,1619283114782,2123
138,1619283116902,2120
139,1619283119034,2132
140,1619283121160,2126
141,1619283123276,2116
142,1619283125406,2130
143,1619283127521,2115
144,1619283129647,2126
145,1619283131763,2116
146,1619283133883,2120
147,1619283136004,2121
148,1619283138128,2124
149,1619283140248,2120
150,1619283142383,2135
151,1619283144507,2124
152,1619283146622,2115
153,1619283148736,2114
154,1619283150855,2119
155,1619283152955,2100
156,1619283155096,2141
157,1619283157250,2154
158,1619283159379,2129
159,1619283161500,2121
160,1619283163620,2120
161,1619283165744,2124
162,1619283167866,2122
163,1619283170005,2139
164,1619283172125,2120
165,1619283174240,2115
166,1619283176365,2125
167,1619283178488,2123
168,1619283180622,2134
169,1619283182751,2129
170,1619283184879,2128
171,1619283186998,2119
172,1619283189114,2116
173,1619283191237,2123
174,1619283193392,2155
175,1619283195513,2121
176,1619283197627,2114
177,1619283199744,2117
178,1619283201911,2167
179,1619283204035,2124
180,1619283206152,2117
181,1619283208314,2162
182,1619283210441,2127
183,1619283212560,2119
184,1619283214705,2145
185,1619283216823,2118
186,1619283218942,2119
187,1619283221053,2111
188,1619283223167,2114
189,1619283225281,2114
190,1619283227401,2120
191,1619283229516,2115
192,1619283231633,2117
193,1619283233751,2118
194,1619283235875,2124
195,1619283237995,2120
196,1619283240105,2110
197,1619283242200,2095
198,1619283244314,2114
199,1619283246423,2109
200,1619283248538,2115
201,1619283250655,2117
202,1619283252775,2120
203,1619283254890,2115
204,1619283257012,2122
205,1619283259137,2125
206,1619283261289,2152
207,1619283263423,2134
208,1619283265546,2123
209,1619283267664,2118
210,1619283269784,2120
211,1619283271904,2120
212,1619283274024,2120
213,1619283276140,2116
214,1619283278253,2113
215,1619283280371,2118
216,1619283282492,2121
217,1619283284620,2128
218,1619283286739,2119
219,1619283288863,2124
220,1619283290989,2126
221,1619283293106,2117
222,1619283295225,2119
223,1619283297339,2114
224,1619283299460,2121
225,1619283301584,2124
226,1619283303707,2123
227,1619283305825,2118
228,1619283307946,2121
229,1619283310079,2133
230,1619283312204,2125
231,1619283314320,2116
232,1619283316439,2119
233,1619283318553,2114
234,1619283320666,2113
235,1619283322779,2113
236,1619283324890,2111
237,1619283327002,2112
238,1619283329117,2115
239,1619283331229,2112
240,1619283333340,2111
241,1619283335461,2121
242,1619283337585,2124
243,1619283339702,2117
244,1619283341820,2118
245,1619283343935,2115
246,1619283346057,2122
247,1619283348138,2081
248,1619283350253,2115
249,1619283352377,2124
250,1619283354492,2115
251,1619283356638,2146
252,1619283358756,2118
253,1619283360878,2122
254,1619283363012,2134
255,1619283365127,2115
256,1619283367242,2115
257,1619283369360,2118
258,1619283371481,2121
259,1619283373605,2124
260,1619283375721,2116
261,1619283377840,2119
262,1619283379958,2118
263,1619283382078,2120
264,1619283384233,2155
265,1619283386363,2130
266,1619283388479,2116
267,1619283390599,2120
268,1619283392713,2114
269,1619283394832,2119
270,1619283396947,2115
271,1619283399072,2125
272,1619283401191,2119
273,1619283403304,2113
274,1619283405421,2117
275,1619283407536,2115
276,1619283409654,2118
277,1619283411770,2116
278,1619283413887,2117
279,1619283416003,2116
280,1619283418119,2116
281,1619283420234,2115
282,1619283422352,2118
283,1619283424465,2113
284,1619283426579,2114
285,1619283428701,2122
286,1619283430825,2124
287,1619283432959,2134
288,1619283435074,2115
289,1619283437188,2114
290,1619283439301,2113
291,1619283441417,2116
292,1619283443568,2151
293,1619283445683,2115
294,1619283447792,2109
295,1619283449908,2116
296,1619283452027,2119
297,1619283454143,2116
298,1619283456260,2117
299,1619283458378,2118
300,1619283460499,2121
301,1619283462613,2114
302,1619283464730,2117
303,1619283466834,2104
304,1619283468921,2087
305,1619283471003,2082
306,1619283473116,2113
307,1619283475238,2122
308,1619283477381,2143
309,1619283479502,2121
310,1619283481616,2114
311,1619283483765,2149
312,1619283485904,2139
313,1619283488020,2116
314,1619283490136,2116
315,1619283492290,2154
316,1619283494410,2120
317,1619283496526,2116
318,1619283498647,2121
319,1619283500771,2124
320,1619283502893,2122
321,1619283505014,2121
322,1619283507132,2118
323,1619283509250,2118
324,1619283511365,2115
325,1619283513481,2116
326,1619283515603,2122
327,1619283517725,2122
328,1619283519851,2126
329,1619283522000,2149
330,1619283524126,2126
331,1619283526256,2130
332,1619283528397,2141
333,1619283530533,2136
334,1619283532654,2121
335,1619283534773,2119
336,1619283536903,2130
337,1619283539066,2163
338,1619283541226,2160
339,1619283543429,2203
340,1619283545551,2122
341,1619283547737,2186
342,1619283549861,2124
343,1619283551984,2123
344,1619283554112,2128
345,1619283556229,2117
346,1619283558350,2121
347,1619283560464,2114
348,1619283562613,2149
349,1619283564738,2125
350,1619283566860,2122
351,1619283568975,2115
352,1619283571092,2117
353,1619283573211,2119
354,1619283575330,2119
355,1619283577452,2122
356,1619283579568,2116
357,1619283581683,2115
358,1619283583803,2120
359,1619283585920,2117
360,1619283588040,2120
361,1619283590154,2114
362,1619283592330,2176
363,1619283594485,2155
364,1619283596659,2174
365,1619283598787,2128
366,1619283600921,2134
367,1619283603080,2159
368,1619283605207,2127
369,1619283607330,2123
370,1619283609456,2126
371,1619283611587,2131
372,1619283613768,2181
373,1619283615895,2127
374,1619283618016,2121
375,1619283620137,2121
376,1619283622271,2134
377,1619283624402,2131
378,1619283626533,2131
379,1619283628671,2138
380,1619283630821,2150
381,1619283632981,2160
382,1619283635110,2129
383,1619283637236,2126
384,1619283639397,2161
385,1619283641573,2176
386,1619283643703,2130
387,1619283646185,2482
388,1619283648319,2134
389,1619283650452,2133
390,1619283652580,2128
391,1619283654696,2116
392,1619283656809,2113
393,1619283658890,2081
394,1619283661017,2127
395,1619283663137,2120
396,1619283665255,2118
397,1619283667372,2117
398,1619283669491,2119
399,1619283671608,2117
400,1619283673726,2118
401,1619283675843,2117
402,1619283677955,2112
403,1619283680079,2124
404,1619283682198,2119
405,1619283684317,2119
406,1619283686433,2116
407,1619283688544,2111
408,1619283690665,2121
409,1619283692781,2116
410,1619283694896,2115
411,1619283697052,2156
412,1619283699175,2123
413,1619283701307,2132
414,1619283703421,2114
415,1619283705536,2115
416,1619283707652,2116
417,1619283709768,2116
418,1619283711878,2110
419,1619283713992,2114
420,1619283716112,2120
421,1619283718230,2118
422,1619283720345,2115
423,1619283722464,2119
424,1619283724582,2118
425,1619283726707,2125
426,1619283728822,2115
427,1619283730934,2112
428,1619283733056,2122
429,1619283735166,2110
430,1619283737280,2114
431,1619283739395,2115
432,1619283741512,2117
433,1619283743628,2116
434,1619283745748,2120
435,1619283747863,2115
436,1619283749978,2115
437,1619283752098,2120
438,1619283754217,2119
439,1619283756333,2116
440,1619283758457,2124
441,1619283760578,2121
442,1619283762692,2114
443,1619283764840,2148
444,1619283766960,2120
445,1619283769086,2126
446,1619283771205,2119
447,1619283773320,2115
448,1619283775437,2117
449,1619283777559,2122
450,1619283779675,2116
451,1619283781791,2116
452,1619283783913,2122
453,1619283786046,2133
454,1619283788158,2112
455,1619283790270,2112
456,1619283792389,2119
457,1619283794505,2116
458,1619283796626,2121
459,1619283798744,2118
460,1619283800865,2121
461,1619283802981,2116
462,1619283805103,2122
463,1619283807219,2116
464,1619283809338,2119
465,1619283811454,2116
466,1619283813572,2118
467,1619283815694,2122
468,1619283817839,2145
469,1619283819957,2118
470,1619283822087,2130
471,1619283824212,2125
472,1619283826339,2127
473,1619283828459,2120
474,1619283830581,2122
475,1619283832698,2117
476,1619283834820,2122
477,1619283836967,2147
478,1619283839082,2115
479,1619283841210,2128
480,1619283843327,2117
481,1619283845444,2117
482,1619283847590,2146
483,1619283849712,2122
484,1619283851833,2121
485,1619283853946,2113
486,1619283856069,2123
487,1619283858188,2119
488,1619283860271,2083
489,1619283862385,2114
490,1619283864506,2121
491,1619283866626,2120
492,1619283868746,2120
493,1619283870872,2126
494,1619283872999,2127
495,1619283875117,2118
496,1619283877232,2115
497,1619283879348,2116
498,1619283881465,2117
499,1619283883587,2122
500,1619283885699,2112
501,1619283887820,2121
502,1619283889945,2125
503,1619283892140,2195
504,1619283894270,2130
505,1619283896392,2122
506,1619283898509,2117
507,1619283900629,2120
508,1619283902744,2115
509,1619283904860,2116
510,1619283906974,2114
511,1619283909104,2130
512,1619283911216,2112
513,1619283913331,2115
514,1619283915446,2115
515,1619283917558,2112
516,1619283919673,2115
517,1619283921789,2116
518,1619283923899,2110
519,1619283926020,2121
520,1619283928130,2110
521,1619283930244,2114
522,1619283932357,2113
523,1619283934482,2125
524,1619283936592,2110
525,1619283938706,2114
526,1619283940819,2113
527,1619283942932,2113
528,1619283945051,2119
529,1619283947168,2117
530,1619283949280,2112
531,1619283951397,2117
532,1619283953511,2114
533,1619283955631,2120
534,1619283957764,2133
535,1619283959871,2107
536,1619283961959,2088
537,1619283964048,2089
538,1619283966165,2117
539,1619283968316,2151
540,1619283970430,2114
541,1619283972547,2117
542,1619283974661,2114
543,1619283976778,2117
544,1619283978890,2112
545,1619283981015,2125
546,1619283983136,2121
547,1619283985272,2136
548,1619283987389,2117
549,1619283989509,2120
550,1619283991628,2119
551,1619283993744,2116
552,1619283995863,2119
553,1619283998005,2142
554,1619284000123,2118
555,1619284002237,2114
556,1619284004355,2118
557,1619284006477,2122
558,1619284008598,2121
559,1619284010712,2114
560,1619284012838,2126
561,1619284014960,2122
562,1619284017082,2122
563,1619284019199,2117
564,1619284021314,2115
565,1619284023443,2129
566,1619284025565,2122
567,1619284027711,2146
568,1619284029831,2120
569,1619284031951,2120
570,1619284034073,2122
571,1619284036192,2119
572,1619284038307,2115
573,1619284040421,2114
574,1619284042536,2115
575,1619284044652,2116
576,1619284046766,2114
577,1619284048889,2123
578,1619284051013,2124
579,1619284053131,2118
580,1619284055247,2116
581,1619284057368,2121
582,1619284059484,2116
583,1619284061598,2114
584,1619284063715,2117
585,1619284065833,2118
586,1619284067949,2116
587,1619284070080,2131
588,1619284072194,2114
589,1619284074308,2114
590,1619284076422,2114
591,1619284078531,2109
592,1619284080645,2114
593,1619284082760,2115
594,1619284084866,2106
595,1619284086967,2101
596,1619284089062,2095
597,1619284091160,2098
598,1619284093270,2110
599,1619284095391,2121
600,1619284097508,2117
601,1619284099630,2122
602,1619284101780,2150
603,1619284103902,2122
604,1619284106028,2126
605,1619284108145,2117
606,1619284110260,2115
607,1619284112414,2154
608,1619284114535,2121
609,1619284116656,2121
610,1619284118808,2152
611,1619284120929,2121
612,1619284123062,2133
613,1619284125179,2117
614,1619284127295,2116
615,1619284129413,2118
616,1619284131534,2121
617,1619284133653,2119
618,1619284135769,2116
619,1619284137888,2119
620,1619284140008,2120
621,1619284142138,2130
622,1619284144254,2116
623,1619284146374,2120
624,1619284148528,2154
625,1619284150641,2113
626,1619284152762,2121
627,1619284154920,2158
628,1619284157037,2117
629,1619284159374,2337
630,1619284161544,2170
631,1619284163665,2121
632,1619284165784,2119
633,1619284167900,2116
634,1619284170022,2122
635,1619284172146,2124
636,1619284174265,2119
637,1619284176380,2115
638,1619284178492,2112
639,1619284180607,2115
640,1619284182719,2112
641,1619284184830,2111
642,1619284186944,2114
643,1619284189065,2121
644,1619284191202,2137
645,1619284193402,2200
646,1619284195540,2138
647,1619284197659,2119
648,1619284199797,2138
649,1619284201995,2198
650,1619284204114,2119
651,1619284206240,2126
652,1619284208429,2189
653,1619284210547,2118
654,1619284212662,2115
655,1619284214775,2113
656,1619284216893,2118
657,1619284219006,2113
658,1619284221124,2118
659,1619284223248,2124
660,1619284225362,2114
661,1619284227472,2110
662,1619284229588,2116
663,1619284231700,2112
664,1619284233812,2112
665,1619284235930,2118
666,1619284238051,2121
667,1619284240174,2123
668,1619284242291,2117
669,1619284244415,2124
670,1619284246546,2131
671,1619284248665,2119
672,1619284250778,2113
673,1619284252915,2137
674,1619284255033,2118
675,1619284257151,2118
676,1619284259267,2116
677,1619284261390,2123
678,1619284263514,2124
679,1619284265668,2154
680,1619284267790,2122
681,1619284269907,2117
682,1619284272028,2121
683,1619284274170,2142
684,1619284276286,2116
685,1619284278395,2109
686,1619284280486,2091
687,1619284282594,2108
688,1619284284706,2112
689,1619284286845,2139
690,1619284288979,2134
691,1619284291098,2119
692,1619284293216,2118
693,1619284295329,2113
694,1619284297450,2121
695,1619284299573,2123
696,1619284301688,2115
697,1619284303818,2130
698,1619284305948,2130
699,1619284308075,2127
700,1619284310222,2147
701,1619284312363,2141
702,1619284314540,2177
703,1619284316668,2128
704,1619284318793,2125
705,1619284321050,2257
706,1619284323186,2136
707,1619284325313,2127
708,1619284327437,2124
709,1619284329550,2113
710,1619284331667,2117
711,1619284333789,2122
712,1619284335907,2118
713,1619284338028,2121
714,1619284340148,2120
715,1619284342338,2190
716,1619284344458,2120
717,1619284346574,2116
718,1619284348699,2125
719,1619284350848,2149
720,1619284352980,2132
721,1619284355131,2151
722,1619284357247,2116
723,1619284359367,2120
724,1619284361481,2114
725,1619284363590,2109
726,1619284365717,2127
727,1619284367879,2162
728,1619284370015,2136
729,1619284372157,2142
730,1619284374297,2140
731,1619284376433,2136
732,1619284378552,2119
733,1619284380666,2114
734,1619284382785,2119
735,1619284384900,2115
736,1619284387017,2117
737,1619284389144,2127
738,1619284391258,2114
739,1619284393391,2133
740,1619284395542,2151
741,1619284397667,2125
742,1619284399784,2117
743,1619284401897,2113
744,1619284404016,2119
745,1619284406132,2116
746,1619284408247,2115
747,1619284410397,2150
748,1619284412512,2115
749,1619284414632,2120
750,1619284416751,2119
751,1619284418869,2118
752,1619284420985,2116
753,1619284423105,2120
754,1619284425219,2114
755,1619284427334,2115
756,1619284429449,2115
757,1619284431594,2145
758,1619284433718,2124
759,1619284435837,2119
760,1619284437958,2121
761,1619284440107,2149
762,1619284442222,2115
763,1619284444337,2115
764,1619284446454,2117
765,1619284448572,2118
766,1619284450688,2116
767,1619284452800,2112
768,1619284454909,2109
769,1619284457054,2145
770,1619284459167,2113
771,1619284461277,2110
772,1619284463387,2110
773,1619284465501,2114
774,1619284467613,2112
775,1619284469722,2109
776,1619284471832,2110
777,1619284473950,2118
778,1619284476064,2114
779,1619284478171,2107
780,1619284480270,2099
781,1619284482360,2090
782,1619284484473,2113
783,1619284486577,2104
784,1619284488691,2114
785,1619284490806,2115
786,1619284492920,2114
787,1619284495035,2115
788,1619284497150,2115
789,1619284499274,2124
790,1619284501390,2116
791,1619284503513,2123
792,1619284505626,2113
793,1619284507748,2122
794,1619284509868,2120
795,1619284511990,2122
796,1619284514121,2131
797,1619284516234,2113
798,1619284518348,2114
799,1619284520464,2116
800,1619284522578,2114
801,1619284524696,2118
802,1619284526811,2115
803,1619284528925,2114
804,1619284531041,2116
805,1619284533161,2120
806,1619284535275,2114
807,1619284537392,2117
808,1619284539513,2121
809,1619284541627,2114
810,1619284543743,2116
811,1619284545859,2116
812,1619284547974,2115
813,1619284550085,2111
814,1619284552201,2116
815,1619284554320,2119
816,1619284556435,2115
817,1619284558611,2176
818,1619284560767,2156
819,1619284562988,2221
820,1619284565107,2119
821,1619284567225,2118
822,1619284569341,2116
823,1619284571460,2119
824,1619284573586,2126
825,1619284575705,2119
826,1619284577827,2122
827,1619284579948,2121
828,1619284582080,2132
829,1619284584201,2121
830,1619284586325,2124
831,1619284588444,2119
832,1619284590566,2122
833,1619284592698,2132
834,1619284594818,2120
835,1619284596933,2115
836,1619284599060,2127
837,1619284601167,2107
838,1619284603278,2111
839,1619284605386,2108
840,1619284607511,2125
841,1619284609638,2127
842,1619284611759,2121
843,1619284613885,2126
844,1619284616023,2138
845,1619284618147,2124
846,1619284620266,2119
847,1619284622383,2117
848,1619284624506,2123
849,1619284626628,2122
850,1619284628744,2116
851,1619284630863,2119
852,1619284632990,2127
853,1619284635108,2118
854,1619284637228,2120
855,1619284639349,2121
856,1619284641472,2123
857,1619284643594,2122
858,1619284645712,2118
859,1619284647830,2118
860,1619284649950,2120
861,1619284652081,2131
862,1619284654206,2125
863,1619284656324,2118
864,1619284658448,2124
865,1619284660572,2124
866,1619284662688,2116
867,1619284664805,2117
868,1619284666925,2120
869,1619284669058,2133
870,1619284671170,2112
871,1619284673280,2110
872,1619284675393,2113
873,1619284677498,2105
874,1619284679587,2089
875,1619284681737,2150
876,1619284683911,2174
877,1619284686053,2142
878,1619284688166,2113
879,1619284690281,2115
880,1619284692397,2116
881,1619284694515,2118
882,1619284696630,2115
883,1619284698747,2117
884,1619284700866,2119
885,1619284703017,2151
886,1619284705131,2114
887,1619284707244,2113
888,1619284709359,2115
889,1619284711477,2118
890,1619284713609,2132
891,1619284715724,2115
892,1619284717839,2115
893,1619284719960,2121
894,1619284722074,2114
895,1619284724188,2114
896,1619284726304,2116
897,1619284728416,2112
898,1619284730529,2113
899,1619284732646,2117
900,1619284734763,2117
901,1619284736877,2114
902,1619284738992,2115
903,1619284741105,2113
904,1619284743215,2110
905,1619284745335,2120
906,1619284747462,2127
907,1619284749578,2116
908,1619284751694,2116
909,1619284753807,2113
910,1619284755920,2113
911,1619284758040,2120
912,1619284760153,2113
913,1619284762265,2112
914,1619284764380,2115
915,1619284766494,2114
916,1619284768646,2152
917,1619284770756,2110
918,1619284772866,2110
919,1619284774984,2118
920,1619284777095,2111
921,1619284779206,2111
922,1619284781316,2110
923,1619284783431,2115
924,1619284785544,2113
925,1619284787659,2115
926,1619284789778,2119
927,1619284791886,2108
928,1619284794005,2119
929,1619284796122,2117
930,1619284798234,2112
931,1619284800349,2115
932,1619284802455,2106
933,1619284804531,2076
934,1619284806614,2083
935,1619284808719,2105
936,1619284810843,2124
937,1619284812957,2114
938,1619284815075,2118
939,1619284817190,2115
940,1619284819306,2116
941,1619284821421,2115
942,1619284823532,2111
943,1619284825648,2116
944,1619284827764,2116
945,1619284829882,2118
946,1619284832000,2118
947,1619284834116,2116
948,1619284836232,2116
949,1619284838347,2115
950,1619284840496,2149
951,1619284842643,2147
952,1619284844774,2131
953,1619284846898,2124
954,1619284849019,2121
955,1619284851137,2118
956,1619284853254,2117
957,1619284855373,2119
958,1619284857488,2115
959,1619284859607,2119
960,1619284861721,2114
961,1619284863843,2122
962,1619284865997,2154
963,1619284868146,2149
964,1619284870258,2112
965,1619284872400,2142
966,1619284874519,2119
967,1619284876645,2126
968,1619284878765,2120
969,1619284880874,2109
970,1619284882965,2091
971,1619284885115,2150
972,1619284887235,2120
973,1619284889352,2117
974,1619284891502,2150
975,1619284893625,2123
976,1619284895777,2152
977,1619284897895,2118
978,1619284900013,2118
979,1619284902134,2121
980,1619284904262,2128
981,1619284906393,2131
982,1619284908520,2127
983,1619284910677,2157
984,1619284912795,2118
985,1619284914910,2115
986,1619284917055,2145
987,1619284919199,2144
988,1619284921314,2115
989,1619284923431,2117
990,1619284925548,2117
991,1619284927664,2116
992,1619284929814,2150
993,1619284931934,2120
994,1619284934053,2119
995,1619284936164,2111
996,1619284938279,2115
997,1619284940398,2119
998,1619284942516,2118
999,1619284944645,2129
1000,1619284946758,2113
1001,1619284948874,2116
1002,1619284950989,2115
1003,1619284953126,2137
1004,1619284955240,2114
1005,1619284957346,2106
1006,1619284959430,2084
1007,1619284961535,2105
1008,1619284963648,2113
1009,1619284965769,2121
1010,1619284967887,2118
1011,1619284970004,2117
1012,1619284972129,2125
1013,1619284974255,2126
1014,1619284976374,2119
1015,1619284978519,2145
1016,1619284980635,2116
1017,1619284982756,2121
1018,1619284984871,2115
1019,1619284986995,2124
1020,1619284989110,2115
1021,1619284991229,2119
1022,1619284993373,2144
1023,1619284995491,2118
1024,1619284997619,2128
1025,1619284999749,2130
1026,1619285001872,2123
1027,1619285003988,2116
1028,1619285006118,2130
1029,1619285008242,2124
1030,1619285010375,2133
1031,1619285012496,2121
1032,1619285014611,2115
1033,1619285016760,2149
1034,1619285018876,2116
1035,1619285020998,2122
1036,1619285023118,2120
1037,1619285025238,2120
1038,1619285027387,2149
1039,1619285029501,2114
1040,1619285031616,2115
1041,1619285033741,2125
1042,1619285035854,2113
1043,1619285037968,2114
1044,1619285040088,2120
1045,1619285042201,2113
1046,1619285044316,2115
1047,1619285046431,2115
1048,1619285048549,2118
1049,1619285050659,2110
1050,1619285052769,2110
1051,1619285054890,2121
1052,1619285057007,2117
1053,1619285059133,2126
1054,1619285061245,2112
1055,1619285063361,2116
1056,1619285065479,2118
1057,1619285067590,2111
1058,1619285069703,2113
1059,1619285071812,2109
1060,1619285073905,2093
1061,1619285076019,2114
1062,1619285078132,2113
1063,1619285080247,2115
1064,1619285082366,2119
1065,1619285084483,2117
1066,1619285086597,2114
1067,1619285088707,2110
1068,1619285090821,2114
1069,1619285092945,2124
1070,1619285095060,2115
1071,1619285097174,2114
1072,1619285099291,2117
1073,1619285101409,2118
1074,1619285103523,2114
1075,1619285105638,2115
1076,1619285107753,2115
1077,1619285109871,2118
1078,1619285111990,2119
1079,1619285114103,2113
1080,1619285116217,2114
1081,1619285118364,2147
1082,1619285120477,2113
1083,1619285122589,2112
1084,1619285124700,2111
1085,1619285126814,2114
1086,1619285128928,2114
1087,1619285131040,2112
1088,1619285133152,2112
1089,1619285135267,2115
1090,1619285137383,2116
1091,1619285139506,2123
1092,1619285141624,2118
1093,1619285143742,2118
1094,1619285145852,2110
1095,1619285147962,2110
1096,1619285150076,2114
1097,1619285152187,2111
1098,1619285154299,2112
1099,1619285156418,2119
1100,1619285158535,2117
1101,1619285160645,2110
1102,1619285162757,2112
1103,1619285164870,2113
1104,1619285166984,2114
1105,1619285169095,2111
1106,1619285171210,2115
1107,1619285173323,2113
1108,1619285175442,2119
1109,1619285177560,2118
1110,1619285179674,2114
1111,1619285181785,2111
1112,1619285183893,2108
1113,1619285185996,2103
1114,1619285188094,2098
1115,1619285190189,2095
1116,1619285192273,2084
1117,1619285194377,2104
1118,1619285196490,2113
1119,1619285198601,2111
1120,1619285200716,2115
1121,1619285202833,2117
1122,1619285204954,2121
1123,1619285207100,2146
1124,1619285209216,2116
1125,1619285211330,2114
1126,1619285213446,2116
1127,1619285215565,2119
1128,1619285217685,2120
1129,1619285219797,2112
1130,1619285221911,2114
1131,1619285224085,2174
1132,1619285226200,2115
1133,1619285228314,2114
1134,1619285230424,2110
1135,1619285232540,2116
1136,1619285234657,2117
1137,1619285236773,2116
1138,1619285238884,2111
1139,1619285241003,2119
1140,1619285243120,2117
1141,1619285245234,2114
1142,1619285247347,2113
1143,1619285249459,2112
1144,1619285251575,2116
1145,1619285253688,2113
1146,1619285255801,2113
1147,1619285257913,2112
1148,1619285260026,2113
1149,1619285262139,2113
1150,1619285264251,2112
1151,1619285266364,2113
1152,1619285268477,2113
1153,1619285270601,2124
1154,1619285272711,2110
1155,1619285274829,2118
1156,1619285276946,2117
1157,1619285279062,2116
1158,1619285281175,2113
1159,1619285283287,2112
1160,1619285285405,2118
1161,1619285287514,2109
1162,1619285289628,2114
1163,1619285291740,2112
1164,1619285293849,2109
1165,1619285295956,2107
1166,1619285298070,2114
1167,1619285300183,2113
1168,1619285302300,2117
1169,1619285304438,2138
1170,1619285306548,2110
1171,1619285308661,2113
1172,1619285310772,2111
1173,1619285312882,2110
1174,1619285314995,2113
1175,1619285317108,2113
1176,1619285319220,2112
1177,1619285321332,2112
1178,1619285323444,2112
1179,1619285325549,2105
1180,1619285327641,2092
1181,1619285329720,2079
1182,1619285331820,2100
1183,1619285333926,2106
1184,1619285336048,2122
1185,1619285338169,2121
1186,1619285340289,2120
1187,1619285342403,2114
1188,1619285344519,2116
1189,1619285346639,2120
1190,1619285348761,2122
1191,1619285350883,2122
1192,1619285352999,2116
1193,1619285355116,2117
1194,1619285357228,2112
1195,1619285359342,2114
1196,1619285361459,2117
1197,1619285363578,2119
1198,1619285365690,2112
1199,1619285367805,2115
1200,1619285369915,2110
1201,1619285372033,2118
1202,1619285374150,2117
1203,1619285376272,2122
1204,1619285378384,2112
1205,1619285380503,2119
1206,1619285382621,2118
1207,1619285384736,2115
1208,1619285386851,2115
1209,1619285388965,2114
1210,1619285391081,2116
1211,1619285393195,2114
1212,1619285395312,2117
1213,1619285397425,2113
1214,1619285399532,2107
1215,1619285401647,2115
1216,1619285403768,2121
1217,1619285405880,2112
1218,1619285407993,2113
1219,1619285410107,2114
1220,1619285412222,2115
1221,1619285414332,2110
1222,1619285416448,2116
1223,1619285418557,2109
1224,1619285420675,2118
1225,1619285422788,2113
1226,1619285424900,2112
1227,1619285427012,2112
1228,1619285429129,2117
1229,1619285431243,2114
1230,1619285433374,2131
1231,1619285435497,2123
1232,1619285437613,2116
1233,1619285439723,2110
1234,1619285441835,2112
1235,1619285443945,2110
1236,1619285446064,2119
1237,1619285448176,2112
1238,1619285450293,2117
1239,1619285452415,2122
1240,1619285454529,2114
1241,1619285456639,2110
1242,1619285458751,2112
1243,1619285460858,2107
1244,1619285462950,2092
1245,1619285465033,2083
1246,1619285467169,2136
1247,1619285469288,2119
1248,1619285471408,2120
1249,1619285473524,2116
1250,1619285475637,2113
1251,1619285477767,2130
1252,1619285479874,2107
1253,1619285481996,2122
1254,1619285484114,2118
1255,1619285486234,2120
1256,1619285488348,2114
1257,1619285490468,2120
1258,1619285492585,2117
1259,1619285494700,2115
1260,1619285496811,2111
1261,1619285498932,2121
1262,1619285501069,2137
1263,1619285503180,2111
1264,1619285505294,2114
1265,1619285507412,2118
1266,1619285509525,2113
1267,1619285511633,2108
1268,1619285513751,2118
1269,1619285515871,2120
1270,1619285517987,2116
1271,1619285520098,2111
1272,1619285522212,2114
1273,1619285524328,2116
1274,1619285526438,2110
1275,1619285528548,2110
1276,1619285530661,2113
1277,1619285532776,2115
1278,1619285534888,2112
1279,1619285537003,2115
1280,1619285539114,2111
1281,1619285541224,2110
1282,1619285543337,2113
1283,1619285545449,2112
1284,1619285547561,2112
1285,1619285549674,2113
1286,1619285551788,2114
1287,1619285553902,2114
1288,1619285556018,2116
1289,1619285558136,2118
1290,1619285560245,2109
1291,1619285562358,2113
1292,1619285564466,2108
1293,1619285566583,2117
1294,1619285568694,2111
1295,1619285570803,2109
1296,1619285572911,2108
1297,1619285575027,2116
1298,1619285577149,2122
1299,1619285579262,2113
1300,1619285581376,2114
1301,1619285583488,2112
1302,1619285585607,2119
1303,1619285587718,2111
1304,1619285589831,2113
1305,1619285591942,2111
1306,1619285594046,2104
1307,1619285596129,2083
1308,1619285598213,2084
1309,1619285600334,2121
1310,1619285602449,2115
1311,1619285604565,2116
1312,1619285606679,2114
1313,1619285608794,2115
1314,1619285610910,2116
1315,1619285613027,2117
1316,1619285615141,2114
1317,1619285617293,2152
1318,1619285619410,2117
1319,1619285621524,2114
1320,1619285623637,2113
1321,1619285625752,2115
1322,1619285627870,2118
1323,1619285629985,2115
1324,1619285632097,2112
1325,1619285634208,2111
1326,1619285636323,2115
1327,1619285638434,2111
1328,1619285640544,2110
1329,1619285642658,2114
1330,1619285644772,2114
1331,1619285646889,2117
1332,1619285649003,2114
1333,1619285651124,2121
1334,1619285653239,2115
1335,1619285655352,2113
1336,1619285657464,2112
1337,1619285659577,2113
1338,1619285661692,2115
1339,1619285663800,2108
1340,1619285665917,2117
1341,1619285668038,2121
1342,1619285670158,2120
1343,1619285672278,2120
1344,1619285674395,2117
1345,1619285676505,2110
1346,1619285678620,2115
1347,1619285680742,2122
1348,1619285682848,2106
1349,1619285684958,2110
1350,1619285687068,2110
1351,1619285689174,2106
1352,1619285691287,2113
1353,1619285693400,2113
1354,1619285695515,2115
1355,1619285697628,2113
1356,1619285699740,2112
1357,1619285701849,2109
1358,1619285703965,2116
1359,1619285706112,2147
1360,1619285708223,2111
1361,1619285710336,2113
1362,1619285712438,2102
1363,1619285714530,2092
1364,1619285716608,2078
1365,1619285718718,2110
1366,1619285720829,2111
1367,1619285722948,2119
1368,1619285725062,2114
1369,1619285727176,2114
1370,1619285729294,2118
1371,1619285731449,2155
1372,1619285733563,2114
1373,1619285735675,2112
1374,1619285737789,2114
1375,1619285739903,2114
1376,1619285742048,2145
1377,1619285744162,2114
1378,1619285746282,2120
1379,1619285748401,2119
1380,1619285750547,2146
1381,1619285752665,2118
1382,1619285754779,2114
1383,1619285756891,2112
1384,1619285759006,2115
1385,1619285761118,2112
1386,1619285763228,2110
1387,1619285765338,2110
1388,1619285767456,2118
1389,1619285769567,2111
1390,1619285771679,2112
1391,1619285773789,2110
1392,1619285775902,2113
1393,1619285778014,2112
1394,1619285780128,2114
1395,1619285782271,2143
1396,1619285784426,2155
1397,1619285786577,2151
1398,1619285788693,2116
1399,1619285790807,2114
1400,1619285792919,2112
1401,1619285795039,2120
1402,1619285797167,2128
1403,1619285799282,2115
1404,1619285801391,2109
1405,1619285803504,2113
1406,1619285805612,2108
1407,1619285807719,2107
1408,1619285809828,2109
1409,1619285811993,2165
1410,1619285814106,2113
1411,1619285816212,2106
1412,1619285818325,2113
1413,1619285820439,2114
1414,1619285822547,2108
1415,1619285824661,2114
1416,1619285826777,2116
1417,1619285828900,2123
1418,1619285831009,2109
1419,1619285833115,2106
1420,1619285835224,2109
1421,1619285837330,2106
1422,1619285839423,2093
1423,1619285841500,2077
1424,1619285843583,2083
1425,1619285845711,2128
1426,1619285847825,2114
1427,1619285849946,2121
1428,1619285852060,2114
1429,1619285854176,2116
1430,1619285856291,2115
1431,1619285858409,2118
1432,1619285860523,2114
1433,1619285862640,2117
1434,1619285864761,2121
1435,1619285866876,2115
1436,1619285868990,2114
1437,1619285871098,2108
1438,1619285873210,2112
1439,1619285875333,2123
1440,1619285877443,2110
1441,1619285879553,2110
1442,1619285881670,2117
1443,1619285883786,2116
1444,1619285885898,2112
1445,1619285888008,2110
1446,1619285890117,2109
1447,1619285892230,2113
1448,1619285894341,2111
1449,1619285896452,2111
1450,1619285898563,2111
1451,1619285900678,2115
1452,1619285902791,2113
1453,1619285904904,2113
1454,1619285907016,2112
1455,1619285909134,2118
1456,1619285911244,2110
1457,1619285913351,2107
1458,1619285915456,2105
1459,1619285917566,2110
1460,1619285919681,2115
1461,1619285921793,2112
1462,1619285923908,2115
1463,1619285926025,2117
1464,1619285928142,2117
1465,1619285930263,2121
1466,1619285932376,2113
1467,1619285934491,2115
1468,1619285936603,2112
1469,1619285938718,2115
1470,1619285940828,2110
1471,1619285942972,2144
1472,1619285945096,2124
1473,1619285947205,2109
1474,1619285949315,2110
1475,1619285951426,2111
1476,1619285953538,2112
1477,1619285955648,2110
1478,1619285957760,2112
1479,1619285959869,2109
1480,1619285961988,2119
1481,1619285964107,2119
1482,1619285966212,2105
1483,1619285968325,2113
1484,1619285970428,2103
1485,1619285972517,2089
1486,1619285974595,2078
1487,1619285976717,2122
1488,1619285978832,2115
1489,1619285980951,2119
1490,1619285983127,2176
1491,1619285985242,2115
1492,1619285987363,2121
1493,1619285989480,2117
1494,1619285991597,2117
1495,1619285993713,2116
1496,1619285995833,2120
1497,1619285997953,2120
1498,1619286000070,2117
1499,1619286002184,2114
1500,1619286004299,2115
1501,1619286006421,2122
1502,1619286008532,2111
1503,1619286010647,2115
1504,1619286012758,2111
1505,1619286014939,2181
1506,1619286017053,2114
1507,1619286019168,2115
1508,1619286021282,2114
1509,1619286023400,2118
1510,1619286025518,2118
1511,1619286027630,2112
1512,1619286029745,2115
1513,1619286031888,2143
1514,1619286034002,2114
1515,1619286036115,2113
1516,1619286038230,2115
1517,1619286040357,2127
1518,1619286042472,2115
1519,1619286044590,2118
1520,1619286046709,2119
1521,1619286048836,2127
1522,1619286050955,2119
1523,1619286053066,2111
1524,1619286055176,2110
1525,1619286057292,2116
1526,1619286059414,2122
1527,1619286061736,2322
1528,1619286063907,2171
1529,1619286066020,2113
1530,1619286068131,2111
1531,1619286070241,2110
1532,1619286072351,2110
1533,1619286074466,2115
1534,1619286076594,2128
1535,1619286078716,2122
1536,1619286080828,2112
1537,1619286082945,2117
1538,1619286085084,2139
1539,1619286087212,2128
1540,1619286089303,2091
1541,1619286091382,2079
1542,1619286093547,2165
1543,1619286095664,2117
1544,1619286097776,2112
1545,1619286099891,2115
1546,1619286102015,2124
1547,1619286104131,2116
1548,1619286106245,2114
1549,1619286108362,2117
1550,1619286110485,2123
1551,1619286112617,2132
1552,1619286114757,2140
1553,1619286116873,2116
1554,1619286118987,2114
1555,1619286121100,2113
1556,1619286123213,2113
1557,1619286125332,2119
1558,1619286127454,2122
1559,1619286129571,2117
1560,1619286131687,2116
1561,1619286133806,2119
1562,1619286135968,2162
1563,1619286138086,2118
1564,1619286140205,2119
1565,1619286142321,2116
1566,1619286144432,2111
1567,1619286146542,2110
1568,1619286148653,2111
1569,1619286150769,2116
1570,1619286152886,2117
1571,1619286155004,2118
1572,1619286157115,2111
1573,1619286159228,2113
1574,1619286161342,2114
1575,1619286163461,2119
1576,1619286165582,2121
1577,1619286167696,2114
1578,1619286169808,2112
1579,1619286171932,2124
1580,1619286174061,2129
1581,1619286176180,2119
1582,1619286178297,2117
1583,1619286180407,2110
1584,1619286182515,2108
1585,1619286184626,2111
1586,1619286186733,2107
1587,1619286188872,2139
1588,1619286190995,2123
1589,1619286193108,2113
1590,1619286195225,2117
1591,1619286197336,2111
1592,1619286199445,2109
1593,1619286201557,2112
1594,1619286203674,2117
1595,1619286205755,2081
1596,1619286207864,2109
1597,1619286209977,2113
1598,1619286212093,2116
1599,1619286214205,2112
1600,1619286216320,2115
1601,1619286218437,2117
1602,1619286220550,2113
1603,1619286222671,2121
1604,1619286224787,2116
1605,1619286226901,2114
1606,1619286229014,2113
1607,1619286231126,2112
1608,1619286233240,2114
1609,1619286235359,2119
1610,1619286237538,2179
1611,1619286239649,2111
1612,1619286241759,2110
1613,1619286243873,2114
1614,1619286245983,2110
1615,1619286248096,2113
1616,1619286250206,2110
1617,1619286252323,2117
1618,1619286254440,2117
1619,1619286256557,2117
1620,1619286258670,2113
1621,1619286260785,2115
1622,1619286262899,2114
1623,1619286265018,2119
1624,1619286267130,2112
1625,1619286269245,2115
1626,1619286271366,2121
1627,1619286273484,2118
1628,1619286275595,2111
1629,1619286277707,2112
1630,1619286279821,2114
1631,1619286281931,2110
1632,1619286284045,2114
1633,1619286286156,2111
1634,1619286288265,2109
1635,1619286290378,2113
1636,1619286292492,2114
1637,1619286294600,2108
1638,1619286296710,2110
1639,1619286298822,2112
1640,1619286300931,2109
1641,1619286303039,2108
1642,1619286305150,2111
1643,1619286307262,2112
1644,1619286309374,2112
1645,1619286311486,2112
1646,1619286313599,2113
1647,1619286315708,2109
1648,1619286317816,2108
1649,1619286319926,2110
1650,1619286322039,2113
1651,1619286324152,2113
1652,1619286326267,2115
1653,1619286328374,2107
1654,1619286330482,2108
1655,1619286332590,2108
1656,1619286334691,2101
1657,1619286336787,2096
1658,1619286338865,2078
1659,1619286341006,2141
1660,1619286343124,2118
1661,1619286345235,2111
1662,1619286347347,2112
1663,1619286349462,2115
1664,1619286351579,2117
1665,1619286353720,2141
1666,1619286355835,2115
1667,1619286357949,2114
1668,1619286360070,2121
1669,1619286362187,2117
1670,1619286364300,2113
1671,1619286366413,2113
1672,1619286368531,2118
1673,1619286370644,2113
1674,1619286372755,2111
1675,1619286374871,2116
1676,1619286376989,2118
1677,1619286379104,2115
1678,1619286381225,2121
1679,1619286383341,2116
1680,1619286385454,2113
1681,1619286387574,2120
1682,1619286389690,2116
1683,1619286391799,2109
1684,1619286393914,2115
1685,1619286396023,2109
1686,1619286398134,2111
1687,1619286400251,2117
1688,1619286402368,2117
1689,1619286404479,2111
1690,1619286406590,2111
1691,1619286408702,2112
1692,1619286410814,2112
1693,1619286412928,2114
1694,1619286415062,2134
1695,1619286417174,2112
1696,1619286419286,2112
1697,1619286421413,2127
1698,1619286423538,2125
1699,1619286425651,2113
1700,1619286427768,2117
1701,1619286429881,2113
1702,1619286431998,2117
1703,1619286434113,2115
1704,1619286436225,2112
1705,1619286438334,2109
1706,1619286440444,2110
1707,1619286442554,2110
1708,1619286444665,2111
1709,1619286446773,2108
1710,1619286448880,2107
1711,1619286450989,2109
1712,1619286453109,2120
1713,1619286455228,2119
1714,1619286457348,2120
1715,1619286459455,2107
1716,1619286461570,2115
1717,1619286463682,2112
1718,1619286465791,2109
1719,1619286467897,2106
1720,1619286469994,2097
1721,1619286472073,2079
1722,1619286474198,2125
1723,1619286476361,2163
1724,1619286478478,2117
1725,1619286480593,2115
1726,1619286482711,2118
1727,1619286484828,2117
1728,1619286486944,2116
1729,1619286489063,2119
1730,1619286491176,2113
1731,1619286493291,2115
1732,1619286495410,2119
1733,1619286497529,2119
1734,1619286499656,2127
1735,1619286501776,2120
1736,1619286503887,2111
1737,1619286506002,2115
1738,1619286508117,2115
1739,1619286510229,2112
1740,1619286512338,2109
1741,1619286514452,2114
1742,1619286516563,2111
1743,1619286518672,2109
1744,1619286520806,2134
1745,1619286522929,2123
1746,1619286525042,2113
1747,1619286527156,2114
1748,1619286529269,2113
1749,1619286531385,2116
1750,1619286533497,2112
1751,1619286535608,2111
1752,1619286537719,2111
1753,1619286539838,2119
1754,1619286541956,2118
1755,1619286544071,2115
1756,1619286546188,2117
1757,1619286548296,2108
1758,1619286550410,2114
1759,1619286552518,2108
1760,1619286554633,2115
1761,1619286556741,2108
1762,1619286558857,2116
1763,1619286560968,2111
1764,1619286563107,2139
1765,1619286565221,2114
1766,1619286567337,2116
1767,1619286569449,2112
1768,1619286571563,2114
1769,1619286573680,2117
1770,1619286575789,2109
1771,1619286577898,2109
1772,1619286580007,2109
1773,1619286582117,2110
1774,1619286584233,2116
1775,1619286586364,2131
1776,1619286588478,2114
1777,1619286590588,2110
1778,1619286592707,2119
1779,1619286594818,2111
1780,1619286596928,2110
1781,1619286599066,2138
1782,1619286601180,2114
1783,1619286603278,2098
1784,1619286605358,2080
1785,1619286607469,2111
1786,1619286609579,2110
1787,1619286611694,2115
1788,1619286613804,2110
1789,1619286615919,2115
1790,1619286618033,2114
1791,1619286620181,2148
1792,1619286622293,2112
1793,1619286624412,2119
1794,1619286626528,2116
1795,1619286628639,2111
1796,1619286630752,2113
1797,1619286632869,2117
1798,1619286634988,2119
1799,1619286637101,2113
1800,1619286639213,2112
1801,1619286641332,2119
1802,1619286643443,2111
1803,1619286645560,2117
1804,1619286647674,2114
1805,1619286649791,2117
1806,1619286651918,2127
1807,1619286654054,2136
1808,1619286656175,2121
1809,1619286658298,2123
1810,1619286660417,2119
1811,1619286662532,2115
1812,1619286664641,2109
1813,1619286666754,2113
1814,1619286668870,2116
1815,1619286670984,2114
1816,1619286673099,2115
1817,1619286675219,2120
1818,1619286677330,2111
1819,1619286679440,2110
1820,1619286681556,2116
1821,1619286683678,2122
1822,1619286685811,2133
1823,1619286687924,2113
1824,1619286690089,2165
1825,1619286692228,2139
1826,1619286694341,2113
1827,1619286696454,2113
1828,1619286698575,2121
1829,1619286700690,2115
1830,1619286702807,2117
1831,1619286704916,2109
1832,1619286707029,2113
1833,1619286709148,2119
1834,1619286711260,2112
1835,1619286713377,2117
1836,1619286715527,2150
1837,1619286717649,2122
1838,1619286719756,2107
1839,1619286721885,2129
1840,1619286724009,2124
1841,1619286726136,2127
1842,1619286728251,2115
1843,1619286730360,2109
1844,1619286732447,2087
1845,1619286734529,2082
1846,1619286736642,2113
1847,1619286738769,2127
1848,1619286740950,2181
1849,1619286743073,2123
1850,1619286745207,2134
1851,1619286747335,2128
1852,1619286749452,2117
1853,1619286751569,2117
1854,1619286753687,2118
1855,1619286755804,2117
1856,1619286757920,2116
1857,1619286760040,2120
1858,1619286762158,2118
1859,1619286764274,2116
1860,1619286766393,2119
1861,1619286768508,2115
1862,1619286770629,2121
1863,1619286772744,2115
1864,1619286774859,2115
1865,1619286776975,2116
1866,1619286779095,2120
1867,1619286781212,2117
1868,1619286783333,2121
1869,1619286785451,2118
1870,1619286787571,2120
1871,1619286789685,2114
1872,1619286791799,2114
1873,1619286793913,2114
1874,1619286796032,2119
1875,1619286798148,2116
1876,1619286800261,2113
1877,1619286802381,2120
1878,1619286804524,2143
1879,1619286806640,2116
1880,1619286808754,2114
1881,1619286810870,2116
1882,1619286812988,2118
1883,1619286815104,2116
1884,1619286817232,2128
1885,1619286819343,2111
1886,1619286821460,2117
1887,1619286823577,2117
1888,1619286825693,2116
1889,1619286827806,2113
1890,1619286829921,2115
1891,1619286832036,2115
1892,1619286834152,2116
1893,1619286836260,2108
1894,1619286838380,2120
1895,1619286840489,2109
1896,1619286842643,2154
1897,1619286844755,2112
1898,1619286846880,2125
1899,1619286849003,2123
1900,1619286851121,2118
1901,1619286853237,2116
1902,1619286855358,2121
1903,1619286857469,2111
1904,1619286859582,2113
1905,1619286861697,2115
1906,1619286863794,2097
1907,1619286865878,2084
1908,1619286867982,2104
1909,1619286870133,2151
1910,1619286872310,2177
1911,1619286874429,2119
1912,1619286876544,2115
1913,1619286878660,2116
1914,1619286880781,2121
1915,1619286882902,2121
1916,1619286885018,2116
1917,1619286887134,2116
1918,1619286889247,2113
1919,1619286891368,2121
1920,1619286893483,2115
1921,1619286895630,2147
1922,1619286897748,2118
1923,1619286899869,2121
1924,1619286901988,2119
1925,1619286904102,2114
1926,1619286906220,2118
1927,1619286908335,2115
1928,1619286910447,2112
1929,1619286912562,2115
1930,1619286914679,2117
1931,1619286916800,2121
1932,1619286918919,2119
1933,1619286921032,2113
1934,1619286923145,2113
1935,1619286925259,2114
1936,1619286927378,2119
1937,1619286929491,2113
1938,1619286931604,2113
1939,1619286933720,2116
1940,1619286935837,2117
1941,1619286937954,2117
1942,1619286940084,2130
1943,1619286942202,2118
1944,1619286944318,2116
1945,1619286946429,2111
1946,1619286948544,2115
1947,1619286950656,2112
1948,1619286952776,2120
1949,1619286954887,2111
1950,1619286957005,2118
1951,1619286959120,2115
1952,1619286961238,2118
1953,1619286963367,2129
1954,1619286965490,2123
1955,1619286967600,2110
1956,1619286969714,2114
1957,1619286971831,2117
1958,1619286973948,2117
1959,1619286976075,2127
1960,1619286978200,2125
1961,1619286980316,2116
1962,1619286982433,2117
1963,1619286984563,2130
1964,1619286986669,2106
1965,1619286988747,2078
1966,1619286990851,2104
1967,1619286992961,2110
1968,1619286995083,2122
1969,1619286997203,2120
1970,1619286999319,2116
1971,1619287001440,2121
1972,1619287003558,2118
1973,1619287005673,2115
1974,1619287007792,2119
1975,1619287009909,2117
1976,1619287012029,2120
1977,1619287014155,2126
1978,1619287016272,2117
1979,1619287018389,2117
1980,1619287020505,2116
1981,1619287022620,2115
1982,1619287024736,2116
1983,1619287026862,2126
1984,1619287028988,2126
1985,1619287031110,2122
1986,1619287033234,2124
1987,1619287035401,2167
1988,1619287037536,2135
1989,1619287039661,2125
1990,1619287041780,2119
1991,1619287043900,2120
1992,1619287046020,2120
1993,1619287048164,2144
1994,1619287050278,2114
1995,1619287052393,2115
1996,1619287054504,2111
1997,1619287056650,2146
1998,1619287058770,2120
1999,1619287060920,2150
2000,1619287063040,2120
2001,1619287065157,2117
2002,1619287067272,2115
2003,1619287069383,2111
2004,1619287071503,2120
2005,1619287073626,2123
2006,1619287075754,2128
2007,1619287077876,2122
2008,1619287079991,2115
2009,1619287082115,2124
2010,1619287084225,2110
2011,1619287086337,2112
2012,1619287088452,2115
2013,1619287090597,2145
2014,1619287092715,2118
2015,1619287094832,2117
2016,1619287096947,2115
2017,1619287099065,2118
2018,1619287101182,2117
2019,1619287103293,2111
2020,1619287105422,2129
2021,1619287107540,2118
2022,1619287109652,2112
2023,1619287111752,2100
2024,1619287113834,2082
2025,1619287115928,2094
2026,1619287118055,2127
2027,1619287120186,2131
2028,1619287122312,2126
2029,1619287124464,2152
2030,1619287126578,2114
2031,1619287128697,2119
2032,1619287130811,2114
2033,1619287132926,2115
2034,1619287135052,2126
2035,1619287137169,2117
2036,1619287139287,2118
2037,1619287141411,2124
2038,1619287143533,2122
2039,1619287145655,2122
2040,1619287147777,2122
2041,1619287149892,2115
2042,1619287152011,2119
2043,1619287154126,2115
2044,1619287156241,2115
2045,1619287158383,2142
2046,1619287160500,2117
2047,1619287162613,2113
2048,1619287164725,2112
2049,1619287166839,2114
2050,1619287168952,2113
2051,1619287171066,2114
2052,1619287173177,2111
2053,1619287175294,2117
2054,1619287177406,2112
2055,1619287179522,2116
2056,1619287181636,2114
2057,1619287183742,2106
2058,1619287185834,2092
2059,1619287187920,2086
2060,1619287190028,2108
2061,1619287192139,2111
2062,1619287194258,2119
2063,1619287196378,2120
2064,1619287198498,2120
2065,1619287200615,2117
2066,1619287202731,2116
2067,1619287204855,2124
2068,1619287206967,2112
2069,1619287209087,2120
2070,1619287211209,2122
2071,1619287213352,2143
2072,1619287215504,2152
2073,1619287217619,2115
2074,1619287219733,2114
2075,1619287221855,2122
2076,1619287223966,2111
2077,1619287226088,2122
2078,1619287228204,2116
2079,1619287230320,2116
2080,1619287232433,2113
2081,1619287234551,2118
2082,1619287236669,2118
2083,1619287238787,2118
2084,1619287240904,2117
2085,1619287243016,2112
2086,1619287245135,2119
2087,1619287247252,2117
2088,1619287249372,2120
2089,1619287251490,2118
2090,1619287253606,2116
2091,1619287255723,2117
2092,1619287257838,2115
2093,1619287259955,2117
2094,1619287262070,2115
2095,1619287264190,2120
2096,1619287266305,2115
2097,1619287268421,2116
2098,1619287270538,2117
2099,1619287272655,2117
2100,1619287274777,2122
2101,1619287276891,2114
2102,1619287279011,2120
2103,1619287281133,2122
2104,1619287283250,2117
2105,1619287285370,2120
2106,1619287287481,2111
2107,1619287289593,2112
2108,1619287291707,2114
2109,1619287293819,2112
2110,1619287295934,2115
2111,1619287298049,2115
2112,1619287300169,2120
2113,1619287302282,2113
2114,1619287304392,2110
2115,1619287306506,2114
2116,1619287308611,2105
2117,1619287310694,2083
2118,1619287312774,2080
2119,1619287314877,2103
2120,1619287317000,2123
2121,1619287319114,2114
2122,1619287321228,2114
2123,1619287323369,2141
2124,1619287325488,2119
2125,1619287327603,2115
2126,1619287329716,2113
2127,1619287331830,2114
2128,1619287333949,2119
2129,1619287336067,2118
2130,1619287338183,2116
2131,1619287340330,2147
2132,1619287342443,2113
2133,1619287344565,2122
2134,1619287346679,2114
2135,1619287348799,2120
2136,1619287350913,2114
2137,1619287353076,2163
2138,1619287355191,2115
2139,1619287357311,2120
2140,1619287359429,2118
2141,1619287361545,2116
2142,1619287363668,2123
2143,1619287365785,2117
2144,1619287367901,2116
2145,1619287370019,2118
2146,1619287372149,2130
2147,1619287374278,2129
2148,1619287376388,2110
2149,1619287378497,2109
2150,1619287380612,2115
2151,1619287382722,2110
2152,1619287384834,2112
2153,1619287386981,2147
2154,1619287389096,2115
2155,1619287391212,2116
2156,1619287393325,2113
2157,1619287395439,2114
2158,1619287397553,2114
2159,1619287399676,2123
2160,1619287401785,2109
2161,1619287403899,2114
2162,1619287406007,2108
2163,1619287408125,2118
2164,1619287410239,2114
2165,1619287412350,2111
2166,1619287414464,2114
2167,1619287416577,2113
2168,1619287418691,2114
2169,1619287420798,2107
2170,1619287422907,2109
2171,1619287425034,2127
2172,1619287427149,2115
2173,1619287429258,2109
2174,1619287431368,2110
2175,1619287433481,2113
2176,1619287435582,2101
2177,1619287437672,2090
2178,1619287439748,2076
2179,1619287441872,2124
2180,1619287443988,2116
2181,1619287446123,2135
2182,1619287448237,2114
2183,1619287450366,2129
2184,1619287452490,2124
2185,1619287454606,2116
2186,1619287456721,2115
2187,1619287458840,2119
2188,1619287460951,2111
2189,1619287463069,2118
2190,1619287465180,2111
2191,1619287467291,2111
2192,1619287469407,2116
2193,1619287471518,2111
2194,1619287473632,2114
2195,1619287475742,2110
2196,1619287477857,2115
2197,1619287479972,2115
2198,1619287482085,2113
2199,1619287484204,2119
2200,1619287486314,2110
2201,1619287488426,2112
2202,1619287490537,2111
2203,1619287492647,2110
2204,1619287494798,2151
2205,1619287496963,2165
2206,1619287499098,2135
2207,1619287501227,2129
2208,1619287503341,2114
2209,1619287505460,2119
2210,1619287507586,2126
2211,1619287509703,2117
2212,1619287511815,2112
2213,1619287513925,2110
2214,1619287516071,2146
2215,1619287518179,2108
2216,1619287520319,2140
2217,1619287522433,2114
2218,1619287524551,2118
2219,1619287526665,2114
2220,1619287528772,2107
2221,1619287530880,2108
2222,1619287532994,2114
2223,1619287535102,2108
2224,1619287537212,2110
2225,1619287539342,2130
2226,1619287541433,2091
2227,1619287543530,2097
2228,1619287545644,2114
2229,1619287547755,2111
2230,1619287549880,2125
2231,1619287551999,2119
2232,1619287554149,2150
2233,1619287556268,2119
2234,1619287558397,2129
2235,1619287560513,2116
2236,1619287562631,2118
2237,1619287564751,2120
2238,1619287566881,2130
2239,1619287569016,2135
2240,1619287571138,2122
2241,1619287573252,2114
2242,1619287575372,2120
2243,1619287577487,2115
2244,1619287579615,2128
2245,1619287581774,2159
2246,1619287583885,2111
2247,1619287586011,2126
2248,1619287588124,2113
2249,1619287590240,2116
2250,1619287592350,2110
2251,1619287594468,2118
2252,1619287596585,2117
2253,1619287598700,2115
2254,1619287600820,2120
2255,1619287602941,2121
2256,1619287605059,2118
2257,1619287607193,2134
2258,1619287609313,2120
2259,1619287611454,2141
2260,1619287613567,2113
2261,1619287615681,2114
2262,1619287617797,2116
2263,1619287619915,2118
2264,1619287622025,2110
2265,1619287624138,2113
2266,1619287626256,2118
2267,1619287628372,2116
2268,1619287630485,2113
2269,1619287632597,2112
2270,1619287634709,2112
2271,1619287636828,2119
2272,1619287638937,2109
2273,1619287641080,2143
2274,1619287643169,2089
2275,1619287645253,2084
2276,1619287647380,2127
2277,1619287649504,2124
2278,1619287651642,2138
2279,1619287653756,2114
2280,1619287655874,2118
2281,1619287657989,2115
2282,1619287660105,2116
2283,1619287662223,2118
2284,1619287664341,2118
2285,1619287666470,2129
2286,1619287668581,2111
2287,1619287670696,2115
2288,1619287672810,2114
2289,1619287674920,2110
2290,1619287677035,2115
2291,1619287679154,2119
2292,1619287681271,2117
2293,1619287683389,2118
2294,1619287685509,2120
2295,1619287687620,2111
2296,1619287689746,2126
2297,1619287691865,2119
2298,1619287693989,2124
2299,1619287696106,2117
2300,1619287698219,2113
2301,1619287700334,2115
2302,1619287702482,2148
2303,1619287704596,2114
2304,1619287706708,2112
2305,1619287708824,2116
2306,1619287710986,2162
2307,1619287713100,2114
2308,1619287715215,2115
2309,1619287717335,2120
2310,1619287719449,2114
2311,1619287721559,2110
2312,1619287723675,2116
2313,1619287725785,2110
2314,1619287727903,2118
2315,1619287730014,2111
2316,1619287732120,2106
2317,1619287734230,2110
2318,1619287736340,2110
2319,1619287738453,2113
2320,1619287740565,2112
2321,1619287742674,2109
2322,1619287744786,2112
2323,1619287746903,2117
2324,1619287749019,2116
2325,1619287751133,2114
2326,1619287753246,2113
2327,1619287755359,2113
2328,1619287757473,2114
2329,1619287759578,2105
2330,1619287761671,2093
2331,1619287763753,2082
2332,1619287765861,2108
2333,1619287767972,2111
2334,1619287770086,2114
2335,1619287772202,2116
2336,1619287774319,2117
2337,1619287776438,2119
2338,1619287778551,2113
2339,1619287780666,2115
2340,1619287782780,2114
2341,1619287784897,2117
2342,1619287787012,2115
2343,1619287789127,2115
2344,1619287791248,2121
2345,1619287793361,2113
2346,1619287795478,2117
2347,1619287797592,2114
2348,1619287799708,2116
2349,1619287801820,2112
2350,1619287803934,2114
2351,1619287806049,2115
2352,1619287808166,2117
2353,1619287810280,2114
2354,1619287812390,2110
2355,1619287814506,2116
2356,1619287816619,2113
2357,1619287818730,2111
2358,1619287820837,2107
2359,1619287822951,2114
2360,1619287825067,2116
2361,1619287827184,2117
2362,1619287829297,2113
2363,1619287831412,2115
2364,1619287833531,2119
2365,1619287835648,2117
2366,1619287837759,2111
2367,1619287839874,2115
2368,1619287841982,2108
2369,1619287844097,2115
2370,1619287846212,2115
2371,1619287848328,2116
2372,1619287850441,2113
2373,1619287852551,2110
2374,1619287854666,2115
2375,1619287856778,2112
2376,1619287858892,2114
2377,1619287861008,2116
2378,1619287863124,2116
2379,1619287865236,2112
2380,1619287867347,2111
2381,1619287869459,2112
2382,1619287871573,2114
2383,1619287873686,2113
2384,1619287875797,2111
2385,1619287877909,2112
2386,1619287880019,2110
2387,1619287882127,2108
2388,1619287884248,2121
2389,1619287886365,2117
2390,1619287888479,2114
2391,1619287890590,2111
2392,1619287892697,2107
2393,1619287894813,2116
2394,1619287896900,2087
2395,1619287898982,2082
2396,1619287901080,2098
2397,1619287903190,2110
2398,1619287905307,2117
2399,1619287907418,2111
2400,1619287909534,2116
2401,1619287911646,2112
2402,1619287913764,2118
2403,1619287915880,2116
2404,1619287917994,2114
2405,1619287920109,2115
2406,1619287922219,2110
2407,1619287924331,2112
2408,1619287926445,2114
2409,1619287928594,2149
2410,1619287930743,2149
2411,1619287932860,2117
2412,1619287935014,2154
2413,1619287937125,2111
2414,1619287939237,2112
2415,1619287941350,2113
2416,1619287943462,2112
2417,1619287945575,2113
2418,1619287947687,2112
2419,1619287949798,2111
2420,1619287951908,2110
2421,1619287954021,2113
2422,1619287956133,2112
2423,1619287958246,2113
2424,1619287960357,2111
2425,1619287962465,2108
2426,1619287964583,2118
2427,1619287966696,2113
2428,1619287968805,2109
2429,1619287970914,2109
2430,1619287973030,2116
2431,1619287975142,2112
2432,1619287977252,2110
2433,1619287979382,2130
2434,1619287981508,2126
2435,1619287983621,2113
2436,1619287985728,2107
2437,1619287987839,2111
2438,1619287989953,2114
2439,1619287992061,2108
2440,1619287994143,2082
2441,1619287996224,2081
2442,1619287998332,2108
2443,1619288000452,2120
2444,1619288002566,2114
2445,1619288004680,2114
2446,1619288006798,2118
2447,1619288008918,2120
2448,1619288011034,2116
2449,1619288013150,2116
2450,1619288015263,2113
2451,1619288017379,2116
2452,1619288019495,2116
2453,1619288021614,2119
2454,1619288023722,2108
2455,1619288025836,2114
2456,1619288027955,2119
2457,1619288030072,2117
2458,1619288032197,2125
2459,1619288034317,2120
2460,1619288036428,2111
2461,1619288038540,2112
2462,1619288040651,2111
2463,1619288042766,2115
2464,1619288044878,2112
2465,1619288046991,2113
2466,1619288049108,2117
2467,1619288051221,2113
2468,1619288053337,2116
2469,1619288055452,2115
2470,1619288057570,2118
2471,1619288059687,2117
2472,1619288061806,2119
2473,1619288063924,2118
2474,1619288066037,2113
2475,1619288068159,2122
2476,1619288070280,2121
2477,1619288072394,2114
2478,1619288074511,2117
2479,1619288076624,2113
2480,1619288078735,2111
2481,1619288080846,2111
2482,1619288082961,2115
2483,1619288085076,2115
2484,1619288087195,2119
2485,1619288089303,2108
2486,1619288091417,2114
2487,1619288093529,2112
2488,1619288095647,2118
2489,1619288097762,2115
2490,1619288099883,2121
2491,1619288101995,2112
2492,1619288104134,2139
2493,1619288106247,2113
2494,1619288108356,2109
2495,1619288110469,2113
2496,1619288112583,2114
2497,1619288114695,2112
2498,1619288116809,2114
2499,1619288118919,2110
2500,1619288121019,2100
2501,1619288123108,2089
2502,1619288125189,2081
2503,1619288127309,2120
2504,1619288129419,2110
2505,1619288131531,2112
2506,1619288133647,2116
2507,1619288135768,2121
2508,1619288137882,2114
2509,1619288140000,2118
2510,1619288142112,2112
2511,1619288144228,2116
2512,1619288146338,2110
2513,1619288148448,2110
2514,1619288150566,2118
2515,1619288152678,2112
2516,1619288154789,2111
2517,1619288156901,2112
2518,1619288159013,2112
2519,1619288161131,2118
2520,1619288163258,2127
2521,1619288165376,2118
2522,1619288167488,2112
2523,1619288169602,2114
2524,1619288171715,2113
2525,1619288173826,2111
2526,1619288175941,2115
2527,1619288178055,2114
2528,1619288180170,2115
2529,1619288182291,2121
2530,1619288184413,2122
2531,1619288186532,2119
2532,1619288188645,2113
2533,1619288190759,2114
2534,1619288192936,2177
2535,1619288195047,2111
2536,1619288197163,2116
2537,1619288199277,2114
2538,1619288201390,2113
2539,1619288203501,2111
2540,1619288205612,2111
2541,1619288207726,2114
2542,1619288209837,2111
2543,1619288211946,2109
2544,1619288214057,2111
2545,1619288216168,2111
2546,1619288218278,2110
2547,1619288220390,2112
2548,1619288222501,2111
2549,1619288224612,2111
2550,1619288226725,2113
2551,1619288228842,2117
2552,1619288230953,2111
2553,1619288233071,2118
2554,1619288235182,2111
2555,1619288237296,2114
2556,1619288239406,2110
2557,1619288241518,2112
2558,1619288243627,2109
2559,1619288245743,2116
2560,1619288247852,2109
2561,1619288249955,2103
2562,1619288252070,2115
2563,1619288254176,2106
2564,1619288256272,2096
2565,1619288258346,2074
2566,1619288260464,2118
2567,1619288262575,2111
2568,1619288264690,2115
2569,1619288266802,2112
2570,1619288268916,2114
2571,1619288271031,2115
2572,1619288273142,2111
2573,1619288275254,2112
2574,1619288277370,2116
2575,1619288279489,2119
2576,1619288281605,2116
2577,1619288283717,2112
2578,1619288285832,2115
2579,1619288287945,2113
2580,1619288290057,2112
2581,1619288292171,2114
2582,1619288294287,2116
2583,1619288296406,2119
2584,1619288298603,2197
2585,1619288300715,2112
2586,1619288302828,2113
2587,1619288304940,2112
2588,1619288307059,2119
2589,1619288309171,2112
2590,1619288311285,2114
2591,1619288313398,2113
2592,1619288315549,2151
2593,1619288317662,2113
2594,1619288319777,2115
2595,1619288321888,2111
2596,1619288324005,2117
2597,1619288326120,2115
2598,1619288328230,2110
2599,1619288330342,2112
2600,1619288332457,2115
2601,1619288334565,2108
2602,1619288336676,2111
2603,1619288338788,2112
2604,1619288340903,2115
2605,1619288343020,2117
2606,1619288345131,2111
2607,1619288347241,2110
2608,1619288349358,2117
2609,1619288351470,2112
2610,1619288353581,2111
2611,1619288355690,2109
2612,1619288357800,2110
2613,1619288359918,2118
2614,1619288362031,2113
2615,1619288364145,2114
2616,1619288366254,2109
2617,1619288368369,2115
2618,1619288370479,2110
2619,1619288372590,2111
2620,1619288374697,2107
2621,1619288376809,2112
2622,1619288378921,2112
2623,1619288381033,2112
2624,1619288383145,2112
2625,1619288385258,2113
2626,1619288387374,2116
2627,1619288389477,2103
2628,1619288391555,2078
2629,1619288393634,2079
2630,1619288395756,2122
2631,1619288397889,2133
2632,1619288400036,2147
2633,1619288402152,2116
2634,1619288404271,2119
2635,1619288406388,2117
2636,1619288408502,2114
2637,1619288410618,2116
2638,1619288412739,2121
2639,1619288414854,2115
2640,1619288416967,2113
2641,1619288419079,2112
2642,1619288421199,2120
2643,1619288423317,2118
2644,1619288425441,2124
2645,1619288427555,2114
2646,1619288429669,2114
2647,1619288431787,2118
2648,1619288433896,2109
2649,1619288436007,2111
2650,1619288438117,2110
2651,1619288440240,2123
2652,1619288442360,2120
2653,1619288444478,2118
2654,1619288446588,2110
2655,1619288448708,2120
2656,1619288450816,2108
2657,1619288452924,2108
2658,1619288455052,2128
2659,1619288457183,2131
2660,1619288459309,2126
2661,1619288461421,2112
2662,1619288463537,2116
2663,1619288465647,2110
2664,1619288467754,2107
2665,1619288469874,2120
2666,1619288471987,2113
2667,1619288474097,2110
2668,1619288476206,2109
2669,1619288478322,2116
2670,1619288480435,2113
2671,1619288482543,2108
2672,1619288484650,2107
2673,1619288486761,2111
2674,1619288488877,2116
2675,1619288491005,2128
2676,1619288493119,2114
2677,1619288495242,2123
2678,1619288497353,2111
2679,1619288499468,2115
2680,1619288501584,2116
2681,1619288503698,2114
2682,1619288505847,2149
2683,1619288507972,2125
2684,1619288510097,2125
2685,1619288512215,2118
2686,1619288514323,2108
2687,1619288516440,2117
2688,1619288518581,2141
2689,1619288520696,2115
2690,1619288522808,2112
2691,1619288524918,2110
2692,1619288527034,2116
2693,1619288529145,2111
2694,1619288531260,2115
2695,1619288533371,2111
2696,1619288535488,2117
2697,1619288537602,2114
2698,1619288539713,2111
2699,1619288541824,2111
2700,1619288543934,2110
2701,1619288546044,2110
2702,1619288548157,2113
2703,1619288550265,2108
2704,1619288552376,2111
2705,1619288554488,2112
2706,1619288556612,2124
2707,1619288558720,2108
2708,1619288560849,2129
2709,1619288562961,2112
2710,1619288565073,2112
2711,1619288567181,2108
2712,1619288569290,2109
2713,1619288571401,2111
2714,1619288573513,2112
2715,1619288575624,2111
2716,1619288577733,2109
2717,1619288579839,2106
2718,1619288581947,2108
2719,1619288584061,2114
2720,1619288586172,2111
2721,1619288588294,2122
2722,1619288590403,2109
2723,1619288592628,2225
2724,1619288594775,2147
2725,1619288596896,2121
2726,1619288599010,2114
2727,1619288601119,2109
2728,1619288603233,2114
2729,1619288605335,2102
2730,1619288607452,2117
2731,1619288609564,2112
2732,1619288611678,2114
2733,1619288613796,2118
2734,1619288615911,2115
2735,1619288618054,2143
2736,1619288620212,2158
2737,1619288622336,2124
2738,1619288624456,2120
2739,1619288626571,2115
2740,1619288628692,2121
2741,1619288630810,2118
2742,1619288632921,2111
2743,1619288635043,2122
2744,1619288637170,2127
2745,1619288639290,2120
2746,1619288641440,2150
2747,1619288643603,2163
2748,1619288645723,2120
2749,1619288647904,2181
2750,1619288650029,2125
2751,1619288652146,2117
2752,1619288654259,2113
2753,1619288656411,2152
2754,1619288658524,2113
2755,1619288660636,2112
2756,1619288662750,2114
2757,1619288664867,2117
2758,1619288666985,2118
2759,1619288669102,2117
2760,1619288671222,2120
2761,1619288673331,2109
2762,1619288675444,2113
2763,1619288677563,2119
2764,1619288679677,2114
2765,1619288681785,2108
2766,1619288683895,2110
2767,1619288686023,2128
2768,1619288688152,2129
2769,1619288690263,2111
2770,1619288692381,2118
2771,1619288694502,2121
2772,1619288696588,2086
2773,1619288698690,2102
2774,1619288700805,2115
2775,1619288702917,2112
2776,1619288705034,2117
2777,1619288707152,2118
2778,1619288709266,2114
2779,1619288711421,2155
2780,1619288713547,2126
2781,1619288715721,2174
2782,1619288717840,2119
2783,1619288719953,2113
2784,1619288722068,2115
2785,1619288724182,2114
2786,1619288726300,2118
2787,1619288728416,2116
2788,1619288730534,2118
2789,1619288732645,2111
2790,1619288734768,2123
2791,1619288736892,2124
2792,1619288739011,2119
2793,1619288741130,2119
2794,1619288743243,2113
2795,1619288745357,2114
2796,1619288747476,2119
2797,1619288749594,2118
2798,1619288751711,2117
2799,1619288753835,2124
2800,1619288755955,2120
2801,1619288758073,2118
2802,1619288760185,2112
2803,1619288762300,2115
2804,1619288764420,2120
2805,1619288766534,2114
2806,1619288768662,2128
2807,1619288770784,2122
2808,1619288772905,2121
2809,1619288775021,2116
2810,1619288777134,2113
2811,1619288779249,2115
2812,1619288781365,2116
2813,1619288783479,2114
2814,1619288785589,2110
2815,1619288787699,2110
2816,1619288789810,2111
2817,1619288791925,2115
2818,1619288794035,2110
2819,1619288796142,2107
2820,1619288798251,2109
2821,1619288800363,2112
2822,1619288802472,2109
2823,1619288804580,2108
2824,1619288806692,2112
2825,1619288808798,2106
2826,1619288810894,2096
2827,1619288812975,2081
2828,1619288815082,2107
2829,1619288817200,2118
2830,1619288819320,2120
2831,1619288821445,2125
2832,1619288823557,2112
2833,1619288825669,2112
2834,1619288827789,2120
2835,1619288829903,2114
2836,1619288832016,2113
2837,1619288834131,2115
2838,1619288836247,2116
2839,1619288838365,2118
2840,1619288840481,2116
2841,1619288842599,2118
2842,1619288844711,2112
2843,1619288846823,2112
2844,1619288848940,2117
2845,1619288851087,2147
2846,1619288853205,2118
2847,1619288855320,2115
2848,1619288857440,2120
2849,1619288859587,2147
2850,1619288861702,2115
2851,1619288863816,2114
2852,1619288865931,2115
2853,1619288868054,2123
2854,1619288870170,2116
2855,1619288872286,2116
2856,1619288874400,2114
2857,1619288876510,2110
2858,1619288878624,2114
2859,1619288880737,2113
2860,1619288882850,2113
2861,1619288884972,2122
2862,1619288887090,2118
2863,1619288889203,2113
2864,1619288891317,2114
2865,1619288893430,2113
2866,1619288895567,2137
2867,1619288897676,2109
2868,1619288899791,2115
2869,1619288901905,2114
2870,1619288904018,2113
2871,1619288906136,2118
2872,1619288908247,2111
2873,1619288910360,2113
2874,1619288912468,2108
2875,1619288914583,2115
2876,1619288916692,2109
2877,1619288918805,2113
2878,1619288920986,2181
2879,1619288923101,2115
2880,1619288925213,2112
2881,1619288927328,2115
2882,1619288929436,2108
2883,1619288931546,2110
2884,1619288933658,2112
2885,1619288935761,2103
2886,1619288937852,2091
2887,1619288939970,2118
2888,1619288942088,2118
2889,1619288944199,2111
2890,1619288946317,2118
2891,1619288948433,2116
2892,1619288950565,2132
2893,1619288952681,2116
2894,1619288954790,2109
2895,1619288956903,2113
2896,1619288959019,2116
2897,1619288961133,2114
2898,1619288963280,2147
2899,1619288965395,2115
2900,1619288967509,2114
2901,1619288969624,2115
2902,1619288971740,2116
2903,1619288973853,2113
2904,1619288975965,2112
2905,1619288978080,2115
2906,1619288980190,2110
2907,1619288982303,2113
2908,1619288984420,2117
2909,1619288986534,2114
2910,1619288988644,2110
2911,1619288990760,2116
2912,1619288992872,2112
2913,1619288994987,2115
2914,1619288997098,2111
2915,1619288999210,2112
2916,1619289001317,2107
2917,1619289003430,2113
2918,1619289005541,2111
2919,1619289007654,2113
2920,1619289009764,2110
2921,1619289011879,2115
2922,1619289013995,2116
2923,1619289016110,2115
2924,1619289018234,2124
2925,1619289020352,2118
2926,1619289022460,2108
2927,1619289024573,2113
2928,1619289026683,2110
2929,1619289028796,2113
2930,1619289030910,2114
2931,1619289033026,2116
2932,1619289035162,2136
2933,1619289037275,2113
2934,1619289039426,2151
2935,1619289041541,2115
2936,1619289043652,2111
2937,1619289045764,2112
2938,1619289047878,2114
2939,1619289049987,2109
2940,1619289052096,2109
2941,1619289054238,2142
2942,1619289056351,2113
2943,1619289058463,2112
2944,1619289060571,2108
2945,1619289062662,2091
2946,1619289064749,2087
2947,1619289066831,2082
2948,1619289068934,2103
2949,1619289071046,2112
2950,1619289073160,2114
2951,1619289075274,2114
2952,1619289077388,2114
2953,1619289079503,2115
2954,1619289081616,2113
2955,1619289083754,2138
2956,1619289085872,2118
2957,1619289087989,2117
2958,1619289090109,2120
2959,1619289092218,2109
2960,1619289094333,2115
2961,1619289096451,2118
2962,1619289098566,2115
2963,1619289100679,2113
2964,1619289102788,2109
2965,1619289104942,2154
2966,1619289107055,2113
2967,1619289109166,2111
2968,1619289111282,2116
2969,1619289113398,2116
2970,1619289115512,2114
2971,1619289117629,2117
2972,1619289119737,2108
2973,1619289121850,2113
2974,1619289123961,2111
2975,1619289126080,2119
2976,1619289128192,2112
2977,1619289130304,2112
2978,1619289132416,2112
2979,1619289134529,2113
2980,1619289136640,2111
2981,1619289138753,2113
2982,1619289140862,2109
2983,1619289142973,2111
2984,1619289145088,2115
2985,1619289147204,2116
2986,1619289149317,2113
2987,1619289151436,2119
2988,1619289153545,2109
2989,1619289155660,2115
2990,1619289157771,2111
2991,1619289159882,2111
2992,1619289161997,2115
2993,1619289164107,2110
2994,1619289166219,2112
2995,1619289168327,2108
2996,1619289170441,2114
2997,1619289172550,2109
2998,1619289174666,2116
2999,1619289176782,2116
